_time,bad_hall_sequence,bridge_pwm_flag,bus_current,bus_current_flag,bus_voltage,bus_voltage_lower_limit_flag,bus_voltage_upper_limit_flag,config_read_error,current_setpoint,dc_bus_overvoltage,desired_velocity,heat_sink_temp_flag,heatsink_temperature,hw_overcurrent,motor_current_flag,motor_temperature,motor_velocity,phase_a_current,phase_b_current,sw_overcurrent,undervoltage_lockout,vehicle_velocity,velocity_flag,watchdog_reset
2023-09-30T22:32:50Z,0.0,0.0,0.0,0.0,105.158732096354,0.0,0.0,0.0,0.0,0.0,0.0,0.0,23.0060119628906,0.0,0.0,29.7648010253906,0.0,,,0.0,0.0,0.0,0.0,0.0
2023-09-30T22:33:00Z,0.0,0.0,0.0,0.0,105.165596644084,0.0,0.0,0.0,0.0,0.0,0.0,0.0,22.9640197753906,0.0,0.0,29.7208557128906,0.0,0.246654238019671,0.306003434317453,0.0,0.0,0.0,0.0,0.0
2023-09-30T22:33:10Z,0.0,0.0,0.0,0.0,105.160889519586,0.0,0.0,0.0,0.0,0.0,0.0,0.0,22.9220275878906,0.0,0.0,29.6339416503906,0.0,0.1953125,0.27620792388916,0.0,0.0,0.0,0.0,0.0
2023-09-30T22:33:20Z,0.0,0.0,0.0,0.0,105.156101573597,0.0,0.0,0.0,0.0,0.0,0.0,0.0,22.8380432128906,0.0,0.0,29.5460510253906,0.0,0.193750858306885,0.329184532165527,0.0,0.0,0.0,0.0,0.0
2023-09-30T22:33:30Z,0.0,0.0,0.0,0.0,105.166413988386,0.0,0.0,0.0,0.0,0.0,0.0,0.0,22.7850298200335,0.0,0.0,29.5397731236049,0.0,0.269905726114909,0.377273559570312,0.0,0.0,0.0,0.0,0.0
2023-09-30T22:33:40Z,0.0,0.0,0.0,0.0,105.184612909953,0.0,0.0,0.0,0.0,0.0,0.0,0.0,22.7430376325335,0.0,0.0,29.5334952218192,0.0,0.275671482086182,0.331552823384603,0.0,0.0,0.0,0.0,0.0
2023-09-30T22:33:50Z,0.0,0.0,0.0,0.0,105.175706481934,0.0,0.0,0.0,0.0,0.0,0.0,0.0,22.6815490722656,0.0,0.0,29.5460510253906,0.0,0.235549608866374,0.323669115702311,0.0,0.0,0.0,0.0,0.0
2023-09-30T22:34:00Z,0.0,0.0,0.0,0.0,105.191784945401,0.0,0.0,0.0,0.0,0.0,0.0,0.0,22.6300354003906,0.0,0.0,29.6915588378906,0.0,0.218367576599121,0.239205360412598,0.0,0.0,0.0,0.0,0.0
2023-09-30T22:34:10Z,0.0,0.0,0.0,0.0,105.198422358586,0.0,0.0,0.0,0.0,0.0,0.0,0.0,22.5670471191406,0.0,0.0,29.6554260253906,0.0,0.256247520446777,0.305867195129395,0.0,0.0,0.0,0.0,0.0
2023-09-30T22:34:20Z,0.0,0.0,0.0,0.0,105.189262866974,0.0,0.0,0.0,0.0,0.0,0.0,0.0,22.5355529785156,0.0,0.0,29.6229553222656,0.0,0.292515754699707,0.323557853698731,0.0,0.0,0.0,0.0,0.0
2023-09-30T22:34:30Z,0.0,0.0,0.0,0.0,105.21378241645,0.0,0.0,0.0,0.0,0.0,0.0,0.0,22.4835510253906,0.0,0.0,29.7538146972656,0.0,0.269627571105957,0.30178427696228,0.0,0.0,0.0,0.0,0.0
2023-09-30T22:34:40Z,0.0,0.0,0.0,0.0,105.200931294759,0.0,0.0,0.0,0.0,0.0,0.0,0.0,22.435048421224,0.0,0.0,29.9981994628906,0.0,0.226843357086182,0.349724292755127,0.0,0.0,0.0,0.0,0.0
2023-09-30T22:34:50Z,0.0,0.0,0.0,0.0,105.216485977173,0.0,0.0,0.0,0.0,0.0,0.0,0.0,22.3790588378906,0.0,0.0,30.0187072753906,0.0,0.254170099894206,0.310866038004557,0.0,0.0,0.0,0.0,0.0
2023-09-30T22:35:00Z,0.0,0.0,0.0,0.0,105.229429765181,0.0,0.0,0.0,0.0,0.0,0.0,0.0,22.3380432128906,0.0,0.0,29.9835510253906,0.0,0.258374214172363,0.330460071563721,0.0,0.0,0.0,0.0,0.0
2023-09-30T22:35:10Z,0.0,0.0,0.0,0.0,105.234696524484,0.0,0.0,0.0,0.0,0.0,0.0,0.0,22.2796447753906,0.0,0.0,29.9747619628906,0.0,0.316357612609863,0.322532653808594,0.0,0.0,0.0,0.0,0.0
2023-09-30T22:35:20Z,0.0,0.0,0.0,0.0,105.236528184679,0.0,0.0,0.0,0.0,0.0,0.0,0.0,22.2340393066406,0.0,0.0,30.0274963378906,0.0,0.269460678100586,0.281794865926107,0.0,0.0,0.0,0.0,0.0
2023-09-30T22:35:30Z,0.0,0.0,0.0,0.0,105.229134453668,0.0,0.0,0.0,0.0,0.0,0.0,0.0,22.1878479003906,0.0,0.0,30.1769104003906,0.0,0.255465507507324,0.34638245900472,0.0,0.0,0.0,0.0,0.0
2023-09-30T22:35:40Z,0.0,0.0,0.0,0.0,105.223161315918,0.0,0.0,0.0,0.0,0.0,0.0,0.0,22.1437072753906,0.0,0.0,30.1593322753906,0.0,0.262844562530518,0.259906053543091,0.0,0.0,0.0,0.0,0.0
2023-09-30T22:35:50Z,0.0,0.0,0.0,0.0,105.226037597656,0.0,0.0,0.0,0.0,0.0,0.0,0.0,22.1048400878906,0.0,0.0,30.1505432128906,0.0,0.279301404953003,0.31886100769043,0.0,0.0,0.0,0.0,0.0
2023-09-30T22:36:00Z,0.0,0.0,0.0,0.0,105.235955810547,0.0,0.0,0.0,0.0,0.0,0.0,0.0,22.0743713378906,0.0,0.0,30.1593322753906,0.0,0.235491991043091,0.358825922012329,0.0,0.0,0.0,0.0,0.0
2023-09-30T22:36:10Z,0.0,0.0,0.0,0.0,105.258142743792,0.0,0.0,0.0,0.0,0.0,0.0,0.0,22.0330301920573,0.0,0.0,30.1007385253906,0.0,0.279768308003743,0.287810961405436,0.0,0.0,0.0,0.0,0.0
2023-09-30T22:36:20Z,0.0,0.0,0.0,0.0,105.263872146606,0.0,0.0,0.0,0.0,0.0,0.0,0.0,21.9913635253906,0.0,0.0,30.0714416503906,0.0,0.240427255630493,0.331717729568481,0.0,0.0,0.0,0.0,0.0
2023-09-30T22:36:30Z,0.0,0.0,0.0,0.0,105.268686294556,0.0,0.0,0.0,0.002493954673409,0.0,-0.202020202020202,0.0,21.9430236816406,0.0,0.021276595744681,30.0274963378906,0.0,0.281226634979248,0.289648771286011,0.0,0.0,0.0,0.0,0.0
2023-09-30T22:36:40Z,0.0,0.0,3.01261629377093,0.0,104.865123203823,0.0,0.0,0.0,0.548432099242364,0.0,-10.0,0.0,21.8946838378906,0.0,0.978723404255319,30.1153869628906,-3.67693531513214,43.4899133046468,22.8825726509094,0.0,0.0,-0.088560992851853,0.0,0.0
2023-09-30T22:36:50Z,0.0,0.0,3.82874250411987,0.0,104.764884185791,0.0,0.0,0.0,0.568882028943019,0.0,-9.67391304347826,0.0,22.1297098795573,0.0,0.978723404255319,30.0860900878906,-18.0013070106506,31.7645127773285,34.2733080387115,0.0,0.0,-0.433571308851242,0.0,0.0
2023-09-30T22:37:00Z,0.0,0.0,2.46752632988824,0.0,104.841704474555,0.0,0.0,0.0,0.315593458107247,0.0,-8.46153846153846,0.0,22.4070536295573,0.0,0.851063829787234,30.0567932128906,-20.9472039540609,29.3261410395304,27.5171594619751,0.0,0.0,-0.504524836937586,0.0,0.0
2023-09-30T22:37:10Z,0.0,0.0,1.28613048129612,0.0,105.022672017415,0.043478260869565,0.0,0.0,0.291397438433609,0.0,-9.36842105263158,0.0,22.5880432128906,0.0,0.91304347826087,30.2472229003906,-18.8676380157471,23.3165372701792,21.6370578912588,0.0,0.0,-0.454437357187271,0.0,0.0
2023-09-30T22:37:20Z,0.0,0.0,1.24576091766357,0.0,105.109233856201,0.0,0.0,0.0,0.007478993950468,0.0,-0.202020202020202,0.0,,0.0,0.046511627906977,,-14.0933666229248,0.278651714324951,0.294715166091919,0.0,0.0,-0.339446425437927,0.0,0.0
2023-09-30T22:37:30Z,0.0,0.0,0.0,0.0,105.119079589844,0.0,0.0,0.0,0.0,0.0,0.0,0.0,22.6546447753906,0.0,0.0,30.6603088378906,0.0,0.202101469039917,0.321036577224731,0.0,0.0,0.0,0.0,0.0
2023-09-30T22:37:40Z,0.0,0.0,0.0,0.0,105.134605407715,0.0,0.0,0.0,0.0,0.0,0.0,0.0,,0.0,0.0,,,,,0.0,0.0,,0.0,0.0
2023-09-30T22:37:50Z,0.0,0.0,0.0,0.0,105.174298604329,0.0,0.0,0.0,0.0,0.0,0.0,0.0,,0.0,0.0,,0.0,0.204533338546753,0.299492478370667,0.0,0.0,0.0,0.0,0.0
2023-09-30T22:38:00Z,0.0,0.0,0.0,0.0,105.180170694987,0.0,0.0,0.0,0.0,0.0,0.0,0.0,22.4630432128906,0.0,0.0,31.1710510253906,0.0,0.252628326416016,0.327318055289132,0.0,0.0,0.0,0.0,0.0
2023-09-30T22:38:10Z,0.0,0.0,0.0,0.0,105.191609191895,0.0,0.0,0.0,0.0,0.0,0.0,0.0,22.3790588378906,0.0,0.0,31.4586486816406,0.0,0.242580067027699,0.30990947376598,0.0,0.0,0.0,0.0,0.0
2023-09-30T22:38:20Z,0.0,0.0,0.0,0.0,105.164417266846,0.0,0.0,0.0,0.0,0.0,0.0,0.0,,0.0,0.0,,0.0,0.275419308589055,0.306924751826695,0.0,0.0,0.0,0.0,0.0
2023-09-30T22:38:30Z,0.0,0.0,0.0,0.0,105.168377685547,0.0,0.0,0.0,0.0,0.0,0.0,0.0,22.2550354003906,0.0,0.0,31.2379455566406,0.0,0.240683555603027,0.303897857666016,0.0,0.0,0.0,0.0,0.0
2023-09-30T22:38:40Z,0.0,0.0,0.0,0.0,105.181188964844,0.0,0.0,0.0,0.0,0.0,0.0,0.0,22.2130432128906,0.0,0.0,31.0941467285156,0.0,0.234211574901234,0.316303426569158,0.0,0.0,0.0,0.0,0.0
2023-09-30T22:38:50Z,0.0,0.0,0.0,0.0,105.18748626709,0.0,0.0,0.0,0.0,0.0,0.0,0.0,22.1920471191406,0.0,0.0,31.0831604003906,0.0,0.259343215397426,0.293871334620884,0.0,0.0,0.0,0.0,0.0
2023-09-30T22:39:00Z,0.0,0.0,0.0,0.0,105.179405212402,0.0,0.0,0.0,0.0,0.0,0.0,0.0,,0.0,0.0,,0.0,0.23643970489502,0.310783088207245,0.0,0.0,0.0,0.0,0.0
2023-09-30T22:39:10Z,0.0,0.0,0.0,0.0,105.166048916903,0.0,0.0,0.0,0.0,0.0,0.0,0.0,22.0880432128906,0.0,0.0,31.0831604003906,0.0,0.256376266479492,0.307562351226807,0.0,0.0,0.0,0.0,0.0
2023-09-30T22:39:20Z,0.0,0.0,0.0,0.0,105.178456624349,0.0,0.0,0.0,0.0,0.0,0.0,0.0,22.0470275878906,0.0,0.0,31.0831604003906,0.0,0.259426434834798,0.304668744405111,0.0,0.0,0.0,0.0,0.0
2023-09-30T22:39:30Z,0.0,0.0,0.0,0.0,105.197369893392,0.0,0.0,0.0,0.0,0.0,0.0,0.0,21.9947814941406,0.0,0.0,31.2379455566406,0.0,0.252659180585076,0.324769581065458,0.0,0.0,0.0,0.0,0.0
2023-09-30T22:39:40Z,0.0,0.0,0.0,0.0,105.19668168288,0.0,0.0,0.0,0.01424506340134,0.0,-0.337078651685393,0.0,21.957021077474,0.0,0.0,31.3111877441406,0.0,3.29203075832791,3.27677196926541,0.0,0.0,0.0,0.0,0.0
2023-09-30T22:39:50Z,0.0,0.0,5.98471164703369,0.0,104.696732954545,0.0,0.0,0.0,0.626142092581306,0.0,-10.0,0.0,21.9517429896763,0.0,1.0,31.2599182128906,-20.8418925046921,31.3406548066573,33.1482283852317,0.0,0.0,-0.501988368481398,0.0,0.0
2023-09-30T22:40:00Z,0.0,0.0,4.67897590837981,0.0,104.731122468647,0.0,0.0,0.0,0.495567910899638,0.0,-8.69565217391304,0.0,22.2550354003906,0.0,0.833333333333333,31.7472229003906,-49.0366201400757,31.1377711296082,30.4760513305664,0.0,0.0,-1.18107375502586,0.0,0.0
2023-09-30T22:40:10Z,0.0,0.068181818181818,30.2932629903158,0.0,100.948694356283,0.0,0.0,0.0,0.994150311375658,0.0,-10.0,0.0,22.6160380045573,0.0,0.931818181818182,31.9539286295573,-132.807540893555,65.8537826538086,68.0911996023996,0.0,0.0,-3.1987421810627,0.0,0.0
2023-09-30T22:40:20Z,0.0,0.0,4.02760959806896,0.0,104.040232340495,0.0,0.0,0.0,0.059032738357782,0.0,-0.7,0.0,23.2849833170573,0.0,0.061224489795918,32.2058817545573,-123.605316925049,18.231271982193,18.3513152599335,0.0,0.0,-2.97710146903992,0.0,0.0
2023-09-30T22:40:30Z,0.0,0.0,0.0,0.0,104.706955337524,0.0,0.0,0.0,0.0,0.0,0.0,0.0,23.375966389974,0.0,0.0,32.094716389974,0.0,0.244341577802386,0.270543779645647,0.0,0.0,0.0,0.0,0.0
2023-09-30T22:40:40Z,0.0,0.0,0.0,0.0,104.783395385742,0.0,0.0,0.0,0.0,0.0,0.0,0.0,23.2821838378906,0.0,0.0,31.6669494628906,0.0,0.265669822692871,0.345069169998169,0.0,0.0,0.0,0.0,0.0
2023-09-30T22:40:50Z,0.0,0.0,0.0,0.0,104.826081593831,0.0,0.0,0.0,0.0,0.0,0.0,0.0,23.1730041503906,0.0,0.0,31.2893778483073,0.0,0.230473279953003,0.318580865859985,0.0,0.0,0.0,0.0,0.0
2023-09-30T22:41:00Z,0.0,0.0,0.0,0.0,104.864745246039,0.0,0.0,0.0,0.0,0.0,0.0,0.0,23.1010175432478,0.0,0.0,31.0957162039621,0.0,0.315630435943604,0.257706642150879,0.0,0.0,0.0,0.0,0.0
2023-09-30T22:41:10Z,0.0,0.0,0.0,0.0,104.897783551897,0.0,0.0,0.0,0.0,0.0,0.0,0.0,23.0162658691406,0.0,0.0,30.9288635253906,0.0,0.260591506958008,0.349044799804687,0.0,0.0,0.0,0.0,0.0
2023-09-30T22:41:20Z,0.0,0.0,0.0,0.0,104.927408490862,0.0,0.0,0.0,0.0,0.0,0.0,0.0,22.9580208914621,0.0,0.0,30.7494550432478,0.0,0.28458833694458,0.292515754699707,0.0,0.0,0.0,0.0,0.0
2023-09-30T22:41:30Z,0.0,0.0,0.0,0.0,104.928507486979,0.0,0.0,0.0,0.0,0.0,0.0,0.0,22.8980320521763,0.0,0.0,30.523450578962,0.0,0.223708152770996,0.265231132507324,0.0,0.0,0.0,0.0,0.0
2023-09-30T22:41:40Z,0.0,0.0,0.0,0.0,104.957152279941,0.0,0.0,0.0,0.0,0.0,0.0,0.0,22.8380432128906,0.0,0.0,30.4230041503906,0.0,0.274688005447388,0.324350595474243,0.0,0.0,0.0,0.0,0.0
2023-09-30T22:41:50Z,0.0,0.0,0.0,0.0,104.969129435221,0.0,0.0,0.0,0.0,0.0,0.0,0.0,22.7886291503906,0.0,0.0,30.2999572753906,0.0,0.291132926940918,0.33109188079834,0.0,0.0,0.0,0.0,0.0
2023-09-30T22:42:00Z,0.0,0.022222222222222,2.70877520243327,0.0,104.627920532227,0.0,0.0,0.0,0.444853902100883,0.0,-8.08510638297872,0.0,22.7130432128906,0.0,0.777777777777778,30.1813049316406,-21.8170674112108,35.4470850626628,29.1884860992432,0.0,0.0,-0.525475981334845,0.0,0.0
2023-09-30T22:42:10Z,0.0,0.044444444444445,8.55966806411743,0.0,103.849618148804,0.0,0.0,0.0,0.592994206986929,0.0,-10.0,0.0,22.8800354003906,0.0,0.955555555555556,30.3204650878906,-55.5865178108215,43.1719502040318,42.3975704738072,0.0,0.0,-1.33883161097765,0.0,0.0
2023-09-30T22:42:20Z,0.0,0.022727272727273,6.15184545516968,0.0,104.08543586731,0.0,0.0,0.0,0.465117600042302,0.0,-9.8876404494382,0.0,23.2149963378906,0.0,0.977272727272727,30.6427307128906,-74.5811903211806,28.3605457544327,29.7109863758087,0.0,0.0,-1.79632873005337,0.0,0.0
2023-09-30T22:42:30Z,0.0,0.0,0.954819679260254,0.0,104.68573425293,0.0,0.0,0.0,0.076508199175199,0.0,-2.32323232323232,0.0,23.4449768066406,0.0,0.208333333333333,30.4889221191406,-71.0286690848214,17.1082258224487,17.7085638046265,0.0,0.0,-1.71076427187238,0.0,0.0
2023-09-30T22:42:40Z,0.0,0.0,0.0,0.0,104.799636077881,0.0,0.0,0.0,0.0,0.0,0.0,0.0,23.4325744628906,0.0,0.0,30.2999572753906,0.0,0.275671482086182,0.292515754699707,0.0,0.0,0.0,0.0,0.0
2023-09-30T22:42:50Z,0.0,0.0,0.0,0.0,104.839696502686,0.0,0.0,0.0,0.0,0.0,0.0,0.0,23.3199768066406,0.0,0.0,29.9620666503906,0.0,0.241672992706299,0.264137983322144,0.0,0.0,0.0,0.0,0.0
2023-09-30T22:43:00Z,0.0,0.0,0.0,0.0,104.870239257813,0.0,0.0,0.0,0.0,0.0,0.0,0.0,23.2569885253906,0.0,0.0,29.7867736816406,0.0,0.258374214172363,0.29296875,0.0,0.0,0.0,0.0,0.0
2023-09-30T22:43:10Z,0.0,0.0,0.0,0.0,104.877522945404,0.0,0.0,0.0,0.0,0.0,0.0,0.0,23.1730041503906,0.0,0.0,29.5523289271763,0.0,0.255765914916992,0.329413414001465,0.0,0.0,0.0,0.0,0.0
2023-09-30T22:43:20Z,0.0,0.0,0.0,0.0,104.901621137347,0.0,0.0,0.0,0.0,0.0,0.0,0.0,23.1100158691406,0.0,0.0,29.4588928222656,0.0,0.236372152964274,0.281123320261637,0.0,0.0,0.0,0.0,0.0
2023-09-30T22:43:30Z,0.0,0.0,0.0,0.0,104.931996432218,0.0,0.0,0.0,0.0,0.0,0.0,0.0,23.0470275878906,0.0,0.0,29.3712463378906,0.0,0.269031524658203,0.301766395568848,0.0,0.0,0.0,0.0,0.0
2023-09-30T22:43:40Z,0.0,0.0,0.0,0.0,104.925060272217,0.0,0.0,0.0,0.0,0.0,0.0,0.0,23.0060119628906,0.0,0.0,29.3282775878906,0.0,0.1953125,0.345194339752197,0.0,0.0,0.0,0.0,0.0
2023-09-30T22:50:30Z,0.0,0.0,0.0,0.0,105.026856994629,0.0,0.0,0.0,,0.0,,0.0,21.4247619628906,0.0,0.0,9.71402130126953,0.0,,,0.0,0.0,0.0,0.0,0.0
2023-09-30T22:50:40Z,0.0,0.0,0.0,0.0,105.060949152166,0.0,0.0,0.0,,0.0,,0.0,21.4039611816406,0.0,0.0,30.6866760253906,,0.300049781799316,0.257706642150879,0.0,0.0,,0.0,0.0
2023-09-30T22:50:50Z,0.0,0.0,0.0,0.0,105.057656606038,0.0,0.0,0.0,,0.0,,0.0,21.3829650878906,0.0,0.0,30.7086486816406,,0.257706642150879,0.323557853698731,0.0,0.0,,0.0,0.0
2023-09-30T22:51:00Z,0.0,0.0,0.0,0.0,104.920742034912,0.0,0.0,0.0,,0.0,,0.0,21.3829650878906,0.0,0.0,30.6866760253906,,0.207161903381348,0.28458833694458,0.0,0.0,,0.0,0.0
2023-09-30T22:51:10Z,0.0,0.0,0.0,0.0,104.82078742981,0.0,0.0,0.0,,0.0,,0.0,21.3419494628906,0.0,0.0,30.6720275878906,0.0,0.09765625,0.258374214172363,0.0,0.0,0.0,0.0,0.0
2023-09-30T22:51:20Z,0.0,0.0,0.0,0.0,105.059440612793,0.0,0.0,0.0,,0.0,,0.0,21.3214416503906,0.0,0.0,30.6647033691406,0.0,0.29296875,0.27620792388916,0.0,0.0,0.0,0.0,0.0
2023-09-30T22:51:30Z,0.0,0.0,0.0,0.0,104.853129916721,0.0,0.0,0.0,,0.0,,0.0,21.3009338378906,0.0,0.0,30.6866760253906,,,,0.0,0.0,,0.0,0.0
2023-09-30T22:51:40Z,0.0,0.0,0.0,0.0,105.059503035112,0.0,0.0,0.0,,0.0,,0.0,21.2589416503906,0.0,0.0,30.6647033691406,0.0,0.292515754699707,0.300896167755127,0.0,0.0,0.0,0.0,0.0
2023-09-30T22:51:50Z,0.0,0.0,0.0,0.0,105.080847846137,0.0,0.0,0.0,,0.0,,0.0,21.2384338378906,0.0,0.0,30.6427307128906,,,,0.0,0.0,,0.0,0.0
2023-09-30T22:52:00Z,0.0,0.0,0.0,0.0,105.019821166992,0.0,0.0,0.0,,0.0,,0.0,21.1974182128906,0.0,0.0,-21.7229881286621,,0.239205360412598,0.27620792388916,0.0,0.0,,0.0,0.0
2023-09-30T22:52:10Z,0.0,0.0,0.0,0.0,105.043587493896,0.0,0.0,0.0,,0.0,,0.0,21.2015197753906,0.0,0.0,30.6427307128906,0.0,0.1953125,0.239205360412598,0.0,0.0,0.0,0.0,0.0
2023-09-30T22:52:20Z,0.0,0.0,0.0,0.0,105.05055770874,0.0,0.0,0.0,,0.0,,0.0,21.1769104003906,0.0,0.0,30.7416076660156,,0.29296875,0.218367576599121,0.0,0.0,,0.0,0.0
2023-09-30T22:52:30Z,0.0,0.0,0.0,0.0,105.0485294887,0.0,0.0,0.0,,0.0,,0.0,21.1349182128906,0.0,0.0,30.7086486816406,,,,0.0,0.0,,0.0,0.0
2023-09-30T22:52:40Z,0.0,0.0,0.0,0.0,105.055671691895,0.0,0.0,0.0,0.0,0.0,0.0,0.0,21.1349182128906,0.0,0.0,30.7086486816406,0.0,0.252068042755127,0.304496288299561,0.0,0.0,0.0,0.0,0.0
2023-09-30T22:52:50Z,0.0,0.0,0.61297303154355,0.0,105.021514892578,0.0,0.0,0.0,0.063295295347973,0.0,-0.816326530612245,0.0,21.0939025878906,0.0,0.040816326530612,30.7855529785156,-1.43816045920054,25.7606585820516,1.67417526245117,0.0,0.0,-0.034638879199823,0.0,0.0
2023-09-30T22:53:00Z,0.0,0.068181818181818,10.2825353622437,0.0,104.024382527669,0.0,0.0,0.0,0.718596990791059,0.0,-9.1304347826087,0.0,21.1869201660156,0.0,0.840909090909091,30.9400939941406,-35.1157255172729,54.3209278583527,46.6985788345337,0.0,0.0,-0.845781421861969,0.0,0.0
2023-09-30T22:53:10Z,0.0,0.020833333333333,3.81965296609061,0.0,104.398432050432,0.0,0.0,0.0,0.232014973293585,0.0,-6.08695652173913,0.0,21.4109598795573,0.0,0.520833333333333,31.1863505045573,-58.451904296875,30.9779675347464,30.3816144125802,0.0,0.0,-1.40784599383672,0.0,0.0
2023-09-30T22:53:20Z,0.0,0.0,4.42922626222883,0.0,104.269069126674,0.0,0.0,0.0,0.503225347242857,0.0,-6.8421052631579,0.0,21.7145080566406,0.0,0.688888888888889,31.4806213378906,-47.7358612716198,26.8827997843424,23.0216026306152,0.0,0.0,-1.14974427944981,0.0,0.0
2023-09-30T22:53:30Z,0.0,0.02,6.38291278252235,0.0,103.908719576322,0.0,0.0,0.0,0.617144285557754,0.0,-6.46464646464646,0.0,22.0260314941406,0.0,0.58,31.4806213378906,-55.0947531700134,65.7781433105469,67.7519561767578,0.0,0.0,-1.32698721289635,0.0,0.0
2023-09-30T22:53:40Z,0.0,0.0,4.79487776756287,0.0,104.368449529012,0.0,0.0,0.0,0.544329974042383,0.0,-8.04347826086956,0.0,22.5043029785156,0.0,0.829268292682927,31.3702697753906,-40.5334722201029,35.2264474232992,37.4546579784817,0.0,0.0,-0.976270794868469,0.0,0.0
2023-09-30T22:53:50Z,0.0,0.022222222222222,5.53470416502519,0.0,104.163732702082,0.0,0.0,0.0,0.542899945408714,0.0,-6.22448979591837,0.0,22.7970275878906,0.0,0.622222222222222,31.2159729003906,-38.6623973846436,42.2389116287232,43.6641012191773,0.0,0.0,-0.931204915046692,0.0,0.0
2023-09-30T22:54:00Z,0.0,0.045454545454546,7.82401347160339,0.0,103.574731190999,0.022727272727273,0.0,0.0,0.61758277517684,0.0,-6.80851063829787,0.0,23.0055236816406,0.0,0.613636363636364,31.2374572753906,-46.2502604782581,37.5377408663432,35.3845596313477,0.0,0.0,-1.11396273486316,0.0,0.0
2023-09-30T22:54:10Z,0.0,0.0,9.8926006158193,0.0,103.375713348389,0.068181818181818,0.0,0.0,0.513240137772465,0.0,-7.38636363636364,0.0,23.5499572753906,0.0,0.727272727272727,31.3478088378906,-44.5857056511773,37.7672150929769,38.5020109812419,0.0,0.0,-1.07387105623881,0.0,0.0
2023-09-30T22:54:20Z,0.0,0.159090909090909,22.6810097013201,0.0,101.656593867711,0.068181818181818,0.0,0.0,0.836636962196262,0.0,-8.65979381443299,0.0,23.760243733724,0.0,0.659090909090909,31.2599182128906,-116.690887996129,61.610298701695,64.4053546360561,0.0,0.0,-2.81056370053972,0.0,0.0
2023-09-30T22:54:30Z,0.0,0.0,26.4587965011597,0.0,100.91713142395,0.022727272727273,0.0,0.0,0.840540820238541,0.0,-8.46938775510204,0.0,24.1178283691406,0.0,0.818181818181818,31.1710510253906,-133.121337890625,66.9118209838867,67.8268371582031,0.0,0.0,-3.20630009969076,0.0,0.0
2023-09-30T22:54:40Z,0.0,0.022222222222222,18.6584336636098,0.0,101.740919012772,0.0,0.0,0.0,0.743899274067953,0.0,-7.7,0.0,25.0270080566406,0.0,0.733333333333333,31.3258361816406,-130.053510665894,49.9478969573975,51.5970532553537,0.0,0.0,-3.13240978121757,0.0,0.0
2023-09-30T22:54:50Z,0.0,0.088888888888889,19.849536895752,0.0,101.599271138509,0.044444444444445,0.0,0.0,0.695236680118124,0.0,-8.58695652173913,0.0,25.3028869628906,0.0,0.733333333333333,31.5030822753906,-126.024835205078,60.1850484609604,60.9845118522644,0.0,0.0,-3.03537690639496,0.0,0.0
2023-09-30T22:55:00Z,0.0,0.0,18.7047365733555,0.0,101.557304382324,0.044444444444445,0.0,0.0,0.77961416170001,0.0,-7.91666666666667,0.0,25.9200744628906,0.0,0.777777777777778,31.3478088378906,-129.768648783366,51.272049109141,52.2390042940776,0.0,0.0,-3.1255487203598,0.0,0.0
2023-09-30T22:55:10Z,0.0,0.075,19.0258767604828,0.0,101.443549346924,0.025,0.0,0.0,0.659143149548647,0.0,-7.14285714285714,0.0,,0.0,0.6,,-139.712168375651,44.3015654881795,46.1995727221171,0.0,0.0,-3.36504383881887,0.0,0.0
2023-09-30T22:55:20Z,0.0,0.068965517241379,18.4721399307251,0.0,101.339958953857,0.0,0.0,0.0,0.804758222773671,0.0,-8.125,0.0,26.8614807128906,0.0,0.586206896551724,31.1360900878906,-132.737710952759,63.2330008612739,64.5163731045193,0.0,0.0,-3.19706025719643,0.068965517241379,0.0
2023-09-30T22:55:30Z,0.0,0.0625,20.4305542839898,0.0,101.131445142958,0.0,0.0,0.0,0.832356174786886,0.0,-8.33333333333333,0.0,27.4420471191406,0.0,0.6875,31.0392150878906,-135.694042024158,66.7428403581892,67.2874254499163,0.0,0.0,-3.26826511110578,0.0,0.0
2023-09-30T22:55:40Z,0.0,0.0,15.1917095184326,0.0,101.637926202071,0.0,0.0,0.0,0.319224191690559,0.0,-3.28358208955224,0.0,27.9093322753906,0.0,0.395833333333333,30.8111877441406,-120.677052089146,38.3561586652483,38.0872962134225,0.0,0.0,-2.90657273360661,0.0,0.0
2023-09-30T22:55:50Z,0.0,0.0,0.0,0.0,103.683858369526,0.0,0.0,0.0,0.0,0.0,0.0,0.0,28.1219787597656,0.0,0.0,31.0721740722656,0.0,0.1953125,0.239205360412598,0.0,0.0,0.0,0.0,0.0
2023-09-30T22:56:00Z,0.0,0.0,0.0,0.0,103.848445129395,0.0,0.0,0.0,0.0,0.0,0.0,0.0,27.9273986816406,0.0,0.0,30.7582092285156,0.0,0.300896167755127,0.291883945465088,0.0,0.0,0.0,0.0,0.0
2023-09-30T22:56:10Z,0.0,0.0,0.0,0.0,103.929081967002,0.0,0.0,0.0,0.0,0.0,0.0,0.0,27.7159729003906,0.0,0.0,30.2095554896763,0.0,0.218367576599121,0.323891639709473,0.0,0.0,0.0,0.0,0.0
2023-09-30T22:56:20Z,0.0,0.0,0.0,0.0,104.001961602105,0.0,0.0,0.0,0.0,0.0,0.0,0.0,27.5409729003906,0.0,0.0,29.9226135253906,0.0,,,0.0,0.0,0.0,0.0,0.0
2023-09-30T22:56:30Z,0.0,0.0,0.0,0.0,104.05729760064,0.0,0.0,0.0,0.0,0.0,0.0,0.0,27.3402753557478,0.0,0.0,30.040052141462,0.0,0.25743842124939,0.353336334228516,0.0,0.0,0.0,0.0,0.0
2023-09-30T22:56:40Z,0.0,0.0,0.0,0.0,104.116389804416,0.0,0.0,0.0,0.0,0.0,0.0,0.0,27.190907796224,0.0,0.0,30.2765197753906,0.0,0.202959775924683,0.311076641082764,0.0,0.0,0.0,0.0,0.0
2023-09-30T22:56:50Z,0.0,0.0,0.0,0.0,104.154164995466,0.0,0.0,0.0,0.0,0.0,0.0,0.0,27.0548400878906,0.0,0.0,30.3515930175781,0.0,0.278019905090332,0.295561552047729,0.0,0.0,0.0,0.0,0.0
2023-09-30T22:57:00Z,0.0,0.0,0.0,0.0,104.199913872613,0.0,0.0,0.0,0.0,0.0,0.0,0.0,26.9187723795573,0.0,0.0,30.4230041503906,0.0,0.273409485816956,0.294363498687744,0.0,0.0,0.0,0.0,0.0
2023-09-30T22:57:10Z,0.0,0.0,0.0,0.0,104.231986454555,0.0,0.0,0.0,0.0,0.0,0.0,0.0,26.7916564941406,0.0,0.0,30.4504699707031,0.0,0.216484069824219,0.311102867126465,0.0,0.0,0.0,0.0,0.0
2023-09-30T22:57:20Z,0.0,0.0,0.0,0.0,104.227324962616,0.0,0.0,0.0,0.0,0.0,0.0,0.0,26.6842346191406,0.0,0.0,30.5823059082031,0.0,0.166714191436768,0.255668163299561,0.0,0.0,0.0,0.0,0.0
2023-09-30T22:57:30Z,0.0,0.0,0.0,0.0,104.253226430793,0.0,0.0,0.0,0.0,0.0,0.0,0.0,26.5467020670573,0.0,0.0,30.5987854003906,0.0,0.281491279602051,0.264039039611816,0.0,0.0,0.0,0.0,0.0
2023-09-30T22:57:40Z,0.0,0.0,0.0,0.0,104.282771809896,0.0,0.0,0.0,0.0,0.0,0.0,0.0,26.4327697753906,0.0,0.0,30.6427307128906,0.0,0.247294562203544,0.333677019391741,0.0,0.0,0.0,0.0,0.0
2023-09-30T22:57:50Z,0.0,0.0,0.0,0.0,104.317569732666,0.0,0.0,0.0,0.0,0.0,0.0,0.0,26.3111877441406,0.0,0.0,30.8038635253906,0.0,0.232108434041341,0.26859442392985,0.0,0.0,0.0,0.0,0.0
2023-09-30T22:58:00Z,0.0,0.0,0.0,0.0,104.320555743049,0.0,0.0,0.0,0.0,0.0,0.0,0.0,26.2189025878906,0.0,0.0,30.9288635253906,0.0,0.258560180664062,0.342044830322266,0.0,0.0,0.0,0.0,0.0
2023-09-30T22:58:10Z,0.0,0.0,0.0,0.0,104.322403971354,0.0,0.0,0.0,0.0,0.0,0.0,0.0,26.104970296224,0.0,0.0,30.9659729003906,0.0,0.228714942932129,0.363230705261231,0.0,0.0,0.0,0.0,0.0
2023-09-30T22:58:20Z,0.0,0.0,0.0,0.0,104.328229904175,0.0,0.0,0.0,0.0,0.0,0.0,0.0,26.0195753309462,0.0,0.0,30.9610900878906,0.0,0.240159034729004,0.312678019205729,0.0,0.0,0.0,0.0,0.0
2023-09-30T22:58:30Z,0.0,0.0,0.0,0.0,104.322408502752,0.0,0.0,0.0,0.0,0.0,0.0,0.0,25.9343973795573,0.0,0.0,31.0611877441406,0.0,0.264859199523926,0.252680778503418,0.0,0.0,0.0,0.0,0.0
2023-09-30T22:58:40Z,0.0,0.0,0.0,0.0,104.333077112834,0.0,0.0,0.0,0.0,0.0,0.0,0.0,25.8419494628906,0.0,0.0,31.1417541503906,0.0,0.223690271377563,0.320333242416382,0.0,0.0,0.0,0.0,0.0
2023-09-30T22:58:50Z,0.0,0.0,0.479646523793538,0.0,104.310117085775,0.0,0.0,0.0,0.072624836839279,0.0,-1.83673469387755,0.0,25.7323791503906,0.0,0.204081632653061,31.0743713378906,-0.30932942032814,0.300041834513346,0.287079811096191,0.0,0.0,-0.007450368022546,0.0,0.0
2023-09-30T22:59:00Z,0.0,0.0,2.11681789822049,0.0,104.118742624919,0.0,0.0,0.0,0.408679411030914,0.0,-9.6875,0.0,25.678212483724,0.0,0.978260869565217,31.1710510253906,-25.9648482582786,26.3921020507812,26.6216136932373,0.0,0.0,-0.625377541238611,0.0,0.0
2023-09-30T22:59:10Z,0.0,0.0,1.69663627942403,0.0,104.134297688802,0.0,0.0,0.0,0.280236137540972,0.0,-9.375,0.0,25.777821858724,0.0,0.955555555555556,30.936024983724,-29.6180168498646,18.9618786176046,19.159329255422,0.0,0.0,-0.713366102088581,0.0,0.0
2023-09-30T22:59:20Z,0.0,0.0,2.15251445770264,0.0,104.064044698079,0.0,0.0,0.0,0.288888888474968,0.0,-10.0,0.0,25.8241271972656,0.0,1.0,30.5218811035156,-34.9219239552816,20.5823396046956,21.0639553070068,0.0,0.0,-0.841113613711463,0.0,0.0
2023-09-30T22:59:30Z,0.0,0.0,2.35128836198287,0.0,104.017652338201,0.0,0.0,0.0,0.349284359294435,0.0,-8.49462365591398,0.0,25.8917541503906,0.0,0.844444444444444,30.1446838378906,-31.7473352432251,26.5060426712036,25.7229874610901,0.0,0.0,-0.76465191245079,0.0,0.0
2023-09-30T22:59:40Z,0.0,0.0,2.28563484392668,0.0,104.019778603002,0.0,0.0,0.0,0.380827337068816,0.0,-8.53932584269663,0.0,26.0193583170573,0.0,0.86,29.8673400878906,-28.3575627009074,37.9815437316895,37.5895973205566,0.0,0.0,-0.683007374405861,0.0,0.0
2023-09-30T22:59:50Z,0.0,0.0,3.04910659790039,0.0,103.899997965495,0.0,0.0,0.0,0.325803207175941,0.0,-7.55102040816327,0.0,26.0763244628906,0.0,0.785714285714286,29.5896708170573,-38.4018845876058,21.4854848649767,21.5288821326362,0.0,0.0,-0.924930349985758,0.0,0.0
2023-09-30T23:00:00Z,0.0,0.0,2.88244618309869,0.0,103.909784952799,0.0,0.0,0.0,0.226066937195043,0.0,-5.35353535353535,0.0,26.1417541503906,0.0,0.555555555555556,29.7038635253906,-40.6063379560198,9.80526240666707,10.1032377878825,0.0,0.0,-0.978025819574084,0.0,0.0
2023-09-30T23:00:10Z,0.0,0.0,3.62542867660522,0.0,103.898823261261,0.0,0.0,0.0,0.393402098251196,0.0,-9.26315789473684,0.0,26.1866760253906,0.0,0.895833333333333,30.1263732910156,-45.9612566630046,26.4726114273071,26.0773609161377,0.0,0.0,-1.10700198014577,0.0,0.0
2023-09-30T23:00:20Z,0.0,0.0,3.90857999975031,0.0,104.076963944869,0.0,0.0,0.0,0.34709621505231,0.0,-9.89247311827957,0.0,26.2618713378906,0.0,0.980769230769231,30.2032775878906,-53.0232137044271,29.8171753883362,29.4780673980713,0.0,0.0,-1.27709305286407,0.0,0.0
2023-09-30T23:00:30Z,0.0,0.0,2.41739329169778,0.0,104.136099422679,0.0,0.0,0.0,0.245849360573165,0.0,-6.48936170212766,0.0,26.3043518066406,0.0,0.707317073170732,30.2032775878906,-47.5253284999303,15.149050951004,14.316268603007,0.0,0.0,-1.14467347945486,0.0,0.0
2023-09-30T23:00:40Z,0.0,0.0,4.09815687882273,0.0,104.075423391242,0.0,0.0,0.0,0.495287214250614,0.0,-10.0,0.0,26.3468322753906,0.0,1.0,29.9947814941406,-38.3851262872869,29.1275565624237,31.3005330562592,0.0,0.0,-0.9245267347856,0.0,0.0
2023-09-30T23:00:50Z,0.0,0.022727272727273,2.29593753814697,0.0,104.119464619954,0.0,0.0,0.0,0.158864501111134,0.0,-4.54545454545455,0.0,26.4757385253906,0.0,0.431818181818182,29.5899963378906,-43.4599321538752,10.1108766902577,9.54365504871715,0.0,0.0,-1.04675619168715,0.0,0.0
2023-09-30T23:01:00Z,0.0,0.0,0.519279071262905,0.0,104.178795405797,0.0,0.0,0.0,0.134690176478494,0.0,-4.18367346938776,0.0,26.4470926920573,0.0,0.490196078431373,29.4591369628906,-30.485658009847,6.50383806228638,7.05187940597534,0.0,0.0,-0.734263737996419,0.0,0.0
2023-09-30T23:01:10Z,0.0,0.0,0.0,0.0,104.216002873012,0.0,0.0,0.0,0.0,0.0,0.0,0.0,26.3898010253906,0.0,0.0,29.6334533691406,-1.95706844329834,0.242209434509277,0.307933489481608,0.0,0.0,-0.047137062996626,0.0,0.0
2023-09-30T23:01:20Z,0.0,0.0,0.0,0.0,104.234953138563,0.0,0.0,0.0,0.0,0.0,0.0,0.0,26.3038635253906,0.0,0.0,29.8966369628906,0.0,0.262948870658875,0.260472297668457,0.0,0.0,0.0,0.0,0.0
2023-09-30T23:01:30Z,0.0,0.0,0.0,0.0,104.250520070394,0.0,0.0,0.0,0.0,0.0,0.0,0.0,26.1759338378906,0.0,0.0,29.9618225097656,0.0,0.24308098687066,0.30517578125,0.0,0.0,0.0,0.0,0.0
2023-09-30T23:01:40Z,0.0,0.0,0.0,0.0,104.283557598407,0.0,0.0,0.0,0.0,0.0,0.0,0.0,,0.0,0.0,,0.0,0.261926651000977,0.321531295776367,0.0,0.0,0.0,0.0,0.0
2023-09-30T23:01:50Z,0.0,0.0,0.0,0.0,104.306597391764,0.0,0.0,0.0,0.0,0.0,0.0,0.0,25.9372619628906,0.0,0.0,30.2032775878906,0.0,0.228252410888672,0.282516479492187,0.0,0.0,0.0,0.0,0.0
2023-09-30T23:02:00Z,0.0,0.0,0.0,0.0,104.301247336648,0.0,0.0,0.0,0.0,0.0,0.0,0.0,25.8346252441406,0.0,0.0,30.3790588378906,0.0,0.241231918334961,0.265819685799735,0.0,0.0,0.0,0.0,0.0
2023-09-30T23:02:10Z,0.0,0.0,0.0,0.0,104.309765902433,0.0,0.0,0.0,0.0,0.0,0.0,0.0,25.7496643066406,0.0,0.0,30.4010314941406,0.0,0.269746780395508,0.342338425772531,0.0,0.0,0.0,0.0,0.0
2023-09-30T23:02:20Z,0.0,0.0,0.0,0.0,104.321964263916,0.0,0.0,0.0,0.0,0.0,0.0,0.0,25.6642150878906,0.0,0.0,30.5768127441406,0.0,0.236265659332275,0.305159091949463,0.0,0.0,0.0,0.0,0.0
2023-09-30T23:02:30Z,0.0,0.0,0.0,0.0,104.320268358503,0.0,0.0,0.0,0.0,0.0,0.0,0.0,25.564931233724,0.0,0.0,30.7159729003906,0.0,0.271506742997603,0.322500142184171,0.0,0.0,0.0,0.0,0.0
2023-09-30T23:02:40Z,0.0,0.0,0.0,0.0,104.323717753092,0.0,0.0,0.0,0.0,0.0,0.0,0.0,25.4728088378906,0.0,0.0,30.7965393066406,0.0,0.266925493876139,0.314723120795356,0.0,0.0,0.0,0.0,0.0
2023-09-30T23:02:50Z,0.0,0.0,0.0,0.0,104.326221466064,0.0,0.0,0.0,0.0,0.0,0.0,0.0,25.3806864420573,0.0,0.0,31.0978088378906,0.0,0.236725807189941,0.322213768959045,0.0,0.0,0.0,0.0,0.0
2023-09-30T23:03:00Z,0.0,0.0,0.0,0.0,104.341037750244,0.0,0.0,0.0,0.0,0.0,0.0,0.0,25.3098856608073,0.0,0.0,31.1710510253906,0.0,0.216855321611677,0.318568093436105,0.0,0.0,0.0,0.0,0.0
2023-09-30T23:03:10Z,0.0,0.0,0.0,0.0,104.347202845982,0.0,0.0,0.0,0.0,0.0,0.0,0.0,25.2179260253906,0.0,0.0,31.2379455566406,0.0,0.179805755615234,0.302414894104004,0.0,0.0,0.0,0.0,0.0
2023-09-30T23:03:20Z,0.0,0.0,0.0,0.0,104.345519171821,0.0,0.0,0.0,0.0,0.0,0.0,0.0,25.140126546224,0.0,0.0,31.4513244628906,0.0,0.257045030593872,0.314027070999145,0.0,0.0,0.0,0.0,0.0
2023-09-30T23:03:30Z,0.0,0.0,0.0,0.0,104.339413729581,0.0,0.0,0.0,0.0,0.0,0.0,0.0,25.0904846191406,0.0,0.0,31.5177307128906,0.0,0.234208106994629,0.329887866973877,0.0,0.0,0.0,0.0,0.0
2023-09-30T23:03:40Z,0.0,0.0,0.0,0.0,104.349665323893,0.0,0.0,0.0,0.003044394786573,0.0,-0.555555555555556,0.0,25.0125223795573,0.0,0.065217391304348,31.6134338378906,0.0,0.255192120869954,0.29630184173584,0.0,0.0,0.0,0.0,0.0
2023-09-30T23:03:50Z,0.0,0.0,2.09292003086635,0.0,104.32033593314,0.0,0.0,0.0,0.330708883782016,0.0,-6.48936170212766,0.0,24.9000549316406,0.0,0.714285714285714,31.5252990722656,-5.82418164185115,8.59438691820417,5.43798378535679,0.0,0.0,-0.140278594036187,0.0,0.0
2023-09-30T23:04:00Z,0.0,0.0,1.73891566016457,0.0,104.266731955788,0.0,0.0,0.0,0.206311188902902,0.0,-6.63157894736842,0.0,25.0055236816406,0.0,0.666666666666667,31.4586486816406,-29.945622580392,13.7677756547928,14.3615423440933,0.0,0.0,-0.721256694623402,0.0,0.0
2023-09-30T23:04:10Z,0.0,0.0,2.79117822647095,0.0,104.231073899703,0.0,0.0,0.0,0.479147772459934,0.0,-6.66666666666667,0.0,25.0548400878906,0.0,0.75609756097561,31.2156473795573,-17.8458136320114,19.599059343338,19.2677018642426,0.0,0.0,-0.429826151579618,0.0,0.0
2023-09-30T23:04:20Z,0.0,0.0,6.09901746114095,0.0,104.002254740397,0.0,0.0,0.0,0.548040453056546,0.0,-9.07216494845361,0.0,25.2394104003906,0.0,0.914893617021277,31.0831604003906,-42.1082765261332,36.2945553064346,42.4697335958481,0.0,0.0,-1.0142008215189,0.0,0.0
2023-09-30T23:04:30Z,0.0,0.0,2.92800813913345,0.0,103.877543449402,0.0,0.0,0.0,0.290856327168009,0.0,-8.40425531914894,0.0,25.4431213378906,0.0,0.86,31.2333557128906,-77.4332853953044,20.9328562021255,21.4335349798203,0.0,0.0,-1.86502290765444,0.0,0.0
2023-09-30T23:04:40Z,0.0,0.0,1.35631203651428,0.0,104.098143386841,0.0,0.0,0.0,0.164035992957652,0.0,-1.8,0.0,25.5792541503906,0.0,0.148936170212766,31.7023010253906,-54.0133457183838,7.18414386113485,13.3690950075785,0.0,0.0,-1.30094093084335,0.0,0.0
2023-09-30T23:04:50Z,0.0,0.0,5.93104839324951,0.0,103.862776184082,0.0,0.0,0.0,0.486146342122194,0.0,-8.38383838383838,0.0,25.621571858724,0.0,0.836734693877551,31.2449442545573,-53.9553806304932,30.696004152298,31.0359241962433,0.0,0.0,-1.29954480528831,0.0,0.0
2023-09-30T23:05:00Z,0.0,0.021276595744681,2.47868362225984,0.0,103.903482537521,0.0,0.0,0.0,0.147796898301007,0.0,-4.08163265306122,0.0,25.7814025878906,0.0,0.382978723404255,31.0831604003906,-82.0796364678277,8.07687176598443,7.99125046200222,0.0,0.0,-1.97693280378978,0.0,0.0
2023-09-30T23:05:10Z,0.0,0.0,0.0,0.0,104.133548259735,0.0,0.0,0.0,0.034001580774784,0.0,-1.0,0.0,25.7706604003906,0.0,0.106382978723404,31.4147033691406,-55.0250625610352,13.4036955833435,13.3077087402344,0.0,0.0,-1.32530856132507,0.0,0.0
2023-09-30T23:05:20Z,0.0,0.0,2.99251874287923,0.0,104.057123819987,0.0,0.0,0.0,0.371427991214053,0.0,-5.20833333333333,0.0,25.6856994628906,0.0,0.466666666666667,31.5475158691406,-18.317919254303,38.836351553599,41.3107555707296,0.0,0.0,-0.441197082400322,0.0,0.0
2023-09-30T23:05:30Z,0.0,0.0,5.46847673562857,0.0,103.878741924579,0.0,0.0,0.0,0.535128066184545,0.0,-7.17171717171717,0.0,25.7706604003906,0.0,0.772727272727273,31.4034729003906,-20.898443751865,30.9968411127726,34.0775030454,0.0,0.0,-0.50335043668747,0.0,0.0
2023-09-30T23:05:40Z,0.0,0.0,1.86376571655273,0.0,103.948924255371,0.0,0.0,0.0,0.247877037942248,0.0,-6.6304347826087,0.0,26.1224670410156,0.0,0.711111111111111,31.1490783691406,-33.0333601633708,14.1138012625954,14.8331640416926,0.0,0.0,-0.795626521110535,0.0,0.0
2023-09-30T23:05:50Z,0.0,0.0,2.68385296776181,0.0,103.915914626349,0.0,0.0,0.0,0.25264473259449,0.0,-4.0,0.0,26.161610921224,0.0,0.44,31.2452697753906,-36.9994140971791,14.0829608917236,14.7934627532959,0.0,0.0,-0.891151081431996,0.0,0.0
2023-09-30T23:06:00Z,0.0,0.0,1.61847159976051,0.0,104.075279962449,0.0,0.0,0.0,0.247430947191101,0.0,-6.90721649484536,0.0,26.161610921224,0.0,0.693877551020408,31.362782796224,-28.8868060641819,23.3743031819661,24.3910948435466,0.0,0.0,-0.695754501554701,0.0,0.0
2023-09-30T23:06:10Z,0.0,0.0,2.71828034344841,0.0,104.003262239344,0.0,0.0,0.0,0.337783715361249,0.0,-6.70103092783505,0.0,26.1759338378906,0.0,0.6875,31.6358947753906,-32.3061405630673,24.2497241156442,25.6528002875192,0.0,0.0,-0.778111044098349,0.0,0.0
2023-09-30T23:06:20Z,0.0,0.0,1.98325830347398,0.0,103.921411402085,0.0,0.0,0.0,0.335597511670656,0.0,-8.22222222222222,0.0,26.2828674316406,0.0,0.833333333333333,31.7691955566406,-35.9689823150635,13.091744695391,14.089866910662,0.0,0.0,-0.866332602500915,0.0,0.0
2023-09-30T23:06:30Z,0.0,0.02,2.2288179397583,0.0,103.923596191406,0.0,0.0,0.0,0.345472511825893,0.0,-7.44897959183674,0.0,26.2618713378906,0.0,0.74,31.8351135253906,-31.8293663024902,28.5761587619781,35.8500604629517,0.0,0.0,-0.766627657413483,0.0,0.0
2023-09-30T23:06:40Z,0.0,0.021276595744681,5.49122606004988,0.0,103.697936466762,0.0,0.0,0.0,0.650592467727813,0.0,-9.46808510638298,0.0,,0.0,0.914893617021277,,-35.0714338476008,46.2195279598236,46.467869758606,0.0,0.0,-0.844714641571045,0.0,0.0
2023-09-30T23:06:50Z,0.0,0.0,2.77028817396898,0.0,103.813334538386,0.0,0.0,0.0,0.290058641929768,0.0,-5.89473684210526,0.0,26.6681213378906,0.0,0.5625,31.8575744628906,-33.0811382293701,62.9981994628906,69.5307693481445,0.0,0.0,-0.796777272224426,0.0,0.0
2023-09-30T23:07:00Z,0.0,0.0,2.35457420349121,0.0,103.809493569767,0.0,0.0,0.0,0.331641226366002,0.0,-5.6989247311828,0.0,26.7970275878906,0.0,0.595744680851064,31.7023010253906,-27.0237195151193,35.4299967024061,35.9076918496026,0.0,0.0,-0.650881026472364,0.0,0.0
2023-09-30T23:07:10Z,0.0,0.0,0.0,0.0,104.049699147542,0.0,0.0,0.0,0.0,0.0,0.0,0.0,26.8614807128906,0.0,0.0,31.2599182128906,,,,0.0,0.0,,0.0,0.0
2023-09-30T23:07:20Z,0.0,0.0,0.0,0.0,104.089088439941,0.0,0.0,0.0,0.0,0.0,0.0,0.0,26.7325744628906,0.0,0.0,30.4449768066406,,,,0.0,0.0,,0.0,0.0
2023-09-30T23:07:30Z,0.0,0.0,0.161959443773542,0.0,104.102757045201,0.0,0.0,0.0,0.025257968984079,0.0,-2.94736842105263,0.0,26.5821838378906,0.0,0.304347826086957,30.0494689941406,0.0,3.72367964850532,0.424631436665853,0.0,0.0,0.0,0.0,0.0
2023-09-30T23:07:40Z,0.0,0.0,0.0,0.0,104.132603115506,0.0,0.0,0.0,0.0,0.0,0.0,0.0,26.5183817545573,0.0,0.0,29.925282796224,0.0,0.243004560470581,0.303539037704468,0.0,0.0,0.0,0.0,0.0
2023-09-30T23:07:50Z,0.0,0.0,0.0,0.0,104.13712310791,0.0,0.0,0.0,0.0,0.0,0.0,0.0,26.4327697753906,0.0,0.0,29.7208557128906,0.0,0.258726232192096,0.324486283694997,0.0,0.0,0.0,0.0,0.0
2023-09-30T23:08:00Z,0.0,0.0,0.0,0.0,104.160705566406,0.0,0.0,0.0,5.6367246387056e-06,0.0,-0.101010101010101,0.0,26.2828674316406,0.0,0.023255813953488,29.3714904785156,0.0,0.253623182123358,0.311461361971768,0.0,0.0,0.0,0.0,0.0
2023-09-30T23:08:10Z,0.0,0.0,0.0,0.0,104.16224861145,0.0,0.0,0.0,0.0,0.0,0.0,0.0,26.1544494628906,0.0,0.0,29.1754455566406,0.0,0.247293252211351,0.32964119544396,0.0,0.0,0.0,0.0,0.0
2023-09-30T23:08:20Z,0.0,0.0,0.0,0.0,104.175241470337,0.0,0.0,0.0,0.0,0.0,0.0,0.0,26.0906938825335,0.0,0.0,29.1158054896763,0.0,0.23957888285319,0.303875075446235,0.0,0.0,0.0,0.0,0.0
2023-09-30T23:08:30Z,0.0,0.0,0.0,0.0,104.200312932332,0.0,0.0,0.0,0.0,0.0,0.0,0.0,25.9627176920573,0.0,0.0,29.1388244628906,0.0,0.260715484619141,0.297408103942871,0.0,0.0,0.0,0.0,0.0
2023-09-30T23:08:40Z,0.0,0.0,0.0,0.0,104.205302429199,0.0,0.0,0.0,0.0,0.0,0.0,0.0,25.8914286295573,0.0,0.0,29.117177327474,0.0,0.224626064300537,0.30523141225179,0.0,0.0,0.0,0.0,0.0
2023-09-30T23:08:50Z,0.0,0.0,0.0,0.0,104.214655194964,0.0,0.0,0.0,0.0,0.0,0.0,0.0,25.8136291503906,0.0,0.0,28.9356994628906,0.0,0.271126627922058,0.296628475189209,0.0,0.0,0.0,0.0,0.0
2023-09-30T23:09:00Z,0.0,0.0,0.0,0.0,104.210783524947,0.0,0.0,0.0,0.0,0.0,0.0,0.0,25.6964416503906,0.0,0.0,28.8377990722656,0.0,0.229489803314209,0.363723436991374,0.0,0.0,0.0,0.0,0.0
2023-09-30T23:09:10Z,0.0,0.0,0.0,0.0,104.210703531901,0.0,0.0,0.0,0.0,0.0,0.0,0.0,25.6212463378906,0.0,0.0,28.6749572753906,0.0,0.278719266255697,0.355386734008789,0.0,0.0,0.0,0.0,0.0
2023-09-30T23:09:20Z,0.0,0.0,0.0,0.0,104.234389623006,0.0,0.0,0.0,0.0,0.0,0.0,0.0,25.5367736816406,0.0,0.0,28.6749572753906,0.0,0.271469354629517,0.282573699951172,0.0,0.0,0.0,0.0,0.0
2023-09-30T23:09:30Z,0.0,0.0,0.0,0.0,104.2232293023,0.0,0.0,0.0,0.0,0.0,0.0,0.0,25.4728088378906,0.0,0.0,28.6749572753906,0.0,0.237607955932617,0.295420487721761,0.0,0.0,0.0,0.0,0.0
2023-09-30T23:09:40Z,0.0,0.0,0.0,0.0,104.244106837681,0.0,0.0,0.0,0.0,0.0,0.0,0.0,25.3243713378906,0.0,0.0,28.7179260253906,0.0,0.246103604634603,0.345532099405924,0.0,0.0,0.0,0.0,0.0
2023-09-30T23:09:50Z,0.0,0.0,0.0,0.0,104.252248128255,0.0,0.0,0.0,0.0,0.0,0.0,0.0,25.3028869628906,0.0,0.0,28.6749572753906,0.0,0.27012825012207,0.273114442825317,0.0,0.0,0.0,0.0,0.0
2023-09-30T23:10:00Z,0.0,0.0,0.0,0.0,104.262013244629,0.0,0.0,0.0,0.0,0.0,0.0,0.0,25.1964416503906,0.0,0.0,28.8917541503906,0.0,0.239205360412598,0.281794865926107,0.0,0.0,0.0,0.0,0.0
2023-09-30T23:10:10Z,0.0,0.0,0.0,0.0,104.25993347168,0.0,0.0,0.0,0.0,0.0,0.0,0.0,25.1544494628906,0.0,0.0,28.9796447753906,0.0,0.226072470347087,0.316091378529866,0.0,0.0,0.0,0.0,0.0
2023-09-30T23:10:20Z,0.0,0.0,0.0,0.0,104.261465072632,0.0,0.0,0.0,0.0,0.0,0.0,0.0,25.1114807128906,0.0,0.0,28.9796447753906,,0.316357612609863,0.330460071563721,0.0,0.0,,0.0,0.0
2023-09-30T23:10:30Z,0.0,0.0,0.0,0.0,104.255306788853,0.0,0.0,0.0,0.0,0.0,0.0,0.0,24.998524983724,0.0,0.0,28.8631083170573,0.0,,,0.0,0.0,0.0,0.0,0.0
2023-09-30T23:10:40Z,0.0,0.0,1.2653923034668,0.0,104.16358795166,0.0,0.0,0.0,0.111197302066772,0.0,-2.41758241758242,0.0,24.9527893066406,0.0,0.244897959183673,29.0445861816406,0.0,0.1953125,0.338292121887207,0.0,0.0,0.0,0.0,0.0
2023-09-30T23:10:50Z,0.0,0.042553191489362,3.62661381562551,0.0,103.914171854655,0.0,0.0,0.0,0.568168768406282,0.0,-8.2716049382716,0.0,24.9525451660156,0.0,0.717391304347826,29.2403869628906,-22.1226796670393,36.1583108901978,38.0019548734029,0.0,0.0,-0.532836819236929,0.0,0.0
2023-09-30T23:11:00Z,0.0,0.022727272727273,10.5037299069491,0.0,103.515287225897,0.0,0.0,0.0,0.624352744498918,0.0,-8.37209302325581,0.0,25.1966857910156,0.0,0.822222222222222,29.2950744628906,-60.8416612413194,53.5991357803345,54.4013662338257,0.0,0.0,-1.46540464295281,0.0,0.0
2023-09-30T23:11:10Z,0.0,0.0,2.3643291913546,0.0,103.966296269343,0.0,0.0,0.0,0.300909004634717,0.0,-9.23076923076923,0.0,25.6212463378906,0.0,0.933333333333333,29.5899963378906,-37.6219655445644,17.5462738672892,16.5560939311981,0.0,0.0,-0.906145576919828,0.0,0.0
2023-09-30T23:11:20Z,0.0,0.0,3.64543873330821,0.0,103.818432351817,0.0,0.0,0.0,0.457901374633527,0.0,-5.77777777777778,0.0,25.6642150878906,0.0,0.638297872340426,29.5167541503906,-35.3870922088623,27.748441696167,26.1746026145087,0.0,0.0,-0.852317452430725,0.0,0.0
2023-09-30T23:11:30Z,0.0,0.023809523809524,14.4155615851993,0.0,102.533222016834,0.023255813953488,0.0,0.0,0.723910859475533,0.0,-7.70833333333333,0.0,25.8917541503906,0.0,0.761904761904762,29.4881083170573,-111.765120188395,34.939389522259,36.0716349528386,0.0,0.0,-2.69192396601041,0.0,0.0
2023-09-30T23:11:40Z,0.0,0.020408163265306,1.11403465270996,0.0,103.726145426432,0.0,0.0,0.0,0.034509393125773,0.0,-0.6,0.0,26.3041076660156,0.0,0.040816326530612,29.8966369628906,-111.007836341858,0.272655487060547,0.357630848884583,0.0,0.0,-2.67368431389332,0.0,0.0
2023-09-30T23:11:50Z,0.0,0.043478260869565,9.78848830136386,0.0,102.551738392223,0.0,0.0,0.0,0.613151428289712,0.0,-7.08333333333333,0.0,26.3611551920573,0.0,0.630434782608696,30.3204650878906,-131.920015716553,57.8735822041829,59.705410639445,0.0,0.0,-3.17736556529999,0.0,0.0
2023-09-30T23:12:00Z,0.0,0.0,0.0,0.0,103.760201644897,0.0,0.0,0.0,0.0,0.0,0.0,0.0,26.6466369628906,0.0,0.0,30.7745666503906,-75.7962521144322,0.246512889862061,0.371360778808594,0.0,0.0,-1.82559415272304,0.0,0.0
2023-09-30T23:12:10Z,0.0,0.0,6.22151613235474,0.0,103.172798919678,0.0,0.0,0.0,0.631138391063913,0.0,-8.80434782608696,0.0,26.6466369628906,0.0,0.886363636363636,30.9513244628906,-39.0854620252337,52.7131370968289,52.6184580061171,0.0,0.0,-0.941394652639116,0.0,0.0
2023-09-30T23:12:20Z,0.0,0.0,2.06949710845947,0.0,103.725270723042,0.0,0.0,0.0,0.23249938030557,0.0,-7.12765957446809,0.0,26.8185119628906,0.0,0.739130434782609,31.0611877441406,-50.7501496209039,19.8586225509644,19.342531476702,0.0,0.0,-1.22234504752689,0.0,0.0
2023-09-30T23:12:30Z,0.0,0.045454545454546,10.9111531972885,0.0,103.421800136566,0.0,0.0,0.0,0.65850492110666,0.0,-8.96907216494845,0.0,26.9044494628906,0.0,0.840909090909091,31.2379455566406,-52.6866765455766,44.6747436523438,41.7925428662981,0.0,0.0,-1.26898734406991,0.0,0.0
2023-09-30T23:12:40Z,0.0,0.021739130434783,11.4266471862793,0.0,102.416454515959,0.044444444444445,0.0,0.0,0.533290085783228,0.0,-6.23762376237624,0.0,27.0978088378906,0.0,0.543478260869565,31.5030822753906,-129.849645996094,48.2276950836182,48.8615531921387,0.0,0.0,-3.12749972343445,0.0,0.0
2023-09-30T23:12:50Z,0.0,0.108695652173913,23.453561729855,0.0,101.144780053033,0.0,0.0,0.0,0.769015019891238,0.0,-7.67676767676768,0.0,,0.0,0.652173913043478,,-134.982254981995,56.7280424662999,58.515581539699,0.0,0.0,-3.25112131237984,0.0,0.0
2023-09-30T23:13:00Z,0.0,0.041666666666667,9.34416323441726,0.0,103.095780592698,0.0,0.0,0.0,0.437996672447195,0.0,-5.4639175257732,0.0,27.9706115722656,0.0,0.5,32.1576232910156,-72.82453956604,30.913963508606,31.5749504089355,0.0,0.0,-1.75401880741119,0.0,0.0
2023-09-30T23:13:10Z,0.0,0.044444444444445,20.0825264579371,0.0,101.252128199527,0.0,0.0,0.0,0.731164376760266,0.0,-7.29166666666667,0.0,28.4581604003906,0.0,0.666666666666667,31.3478088378906,-172.061036682129,66.8684568405151,67.4387292861938,0.0,0.0,-4.14418396949768,0.0,0.0
2023-09-30T23:13:20Z,0.0,0.0,4.95097041130066,0.0,103.128412246704,0.0,0.0,0.0,0.326460657268763,0.0,-4.5,0.0,28.5880432128906,0.0,0.448979591836735,31.2154846191406,-100.935604095459,10.9022458394369,11.7339448928833,0.0,0.0,-2.43108904361725,0.0,0.0
2023-09-30T23:13:30Z,0.0,0.020408163265306,8.34536552429199,0.0,102.225981521606,0.0,0.0,0.0,0.266499161268725,0.0,-3.63636363636364,0.0,28.7184143066406,0.0,0.346938775510204,31.0943908691406,-144.540092468262,5.8720495223999,6.22924327850342,0.0,0.0,-3.48132701714834,0.0,0.0
2023-09-30T23:13:40Z,0.0,0.0,4.76308979707606,0.0,103.265703537885,0.0,0.0,0.0,0.543292352526458,0.0,-6.49484536082474,0.0,28.8702697753906,0.0,0.666666666666667,31.4811096191406,-26.2472729682922,43.1486904621124,45.3321449756622,0.0,0.0,-0.632179886102676,0.0,0.0
2023-09-30T23:13:50Z,0.0,0.0,1.7377284856943,0.0,103.241556020883,0.0,0.0,0.0,0.176582825437342,0.0,-4.43298969072165,0.0,29.022939046224,0.0,0.523809523809524,31.377431233724,-65.8943037553267,10.2016375541687,10.5798956871033,0.0,0.0,-1.58710033243353,0.0,0.0
2023-09-30T23:14:00Z,0.0,0.045454545454546,13.3630367914836,0.0,102.943459828695,0.0,0.0,0.0,0.697260780880849,0.0,-7.39583333333333,0.0,29.0665588378906,0.0,0.681818181818182,31.5841369628906,-83.4393348693848,41.7418718338013,41.7310785055161,0.0,0.0,-2.00968185067177,0.0,0.0
2023-09-30T23:14:10Z,0.0,0.173913043478261,34.2760034561157,0.0,99.2749542236328,0.043478260869565,0.0,0.0,1.0,0.0,-10.0,0.0,29.4444885253906,0.0,0.782608695652174,32.0427958170573,-169.679515491832,67.1447764805385,68.4260025024414,0.0,0.0,-4.08682374520735,0.0,0.0
2023-09-30T23:14:20Z,0.0,0.042553191489362,6.27793400628226,0.0,102.260708945138,0.0,0.0,0.0,0.190986774405655,0.0,-3.06122448979592,0.0,30.1300354003906,0.0,0.25531914893617,32.309071858724,-114.376352787018,23.2829090356827,23.5492465496063,0.0,0.0,-2.75481693446636,0.0,0.0
2023-09-30T23:14:30Z,0.0,0.061224489795918,26.9015165964762,0.0,100.464697774251,0.020408163265306,0.0,0.0,0.951841323946913,0.0,-9.58333333333333,0.0,30.2252502441406,0.0,0.877551020408163,31.9024963378906,-120.178808848063,66.4791433546278,66.9501393636068,0.0,0.0,-2.89457223812739,0.0,0.0
2023-09-30T23:14:40Z,0.0,0.0,0.671790993731955,0.0,102.980970299762,0.0,0.0,0.0,0.051646487053597,0.0,-1.2,0.0,30.6427307128906,0.0,0.12,31.7023010253906,-73.1244799296061,2.2635817527771,2.42919921875,0.0,0.0,-1.76124294598897,0.0,0.0
2023-09-30T23:14:50Z,0.0,0.042553191489362,6.91239825162021,0.0,102.914999181574,0.0,0.0,0.0,0.50280567848434,0.0,-8.10526315789474,0.0,30.6573791503906,0.0,0.808510638297872,31.4073791503906,-81.0439189564098,28.3210550035749,27.7657002040318,0.0,0.0,-1.95198700644753,0.0,0.0
2023-09-30T23:15:00Z,0.0,0.021739130434783,1.17474035783248,0.0,103.065956115723,0.0,0.0,0.0,0.184782212542504,0.0,-2.2680412371134,0.0,30.7086486816406,0.0,0.217391304347826,30.7525939941406,-135.919740464952,11.6272356987,12.0117137908936,0.0,0.0,-3.27370116445753,0.0,0.0
2023-09-30T23:15:10Z,0.0,0.0,5.67656993865967,0.0,103.092757670085,0.0,0.0,0.0,0.514845723004052,0.0,-6.36363636363636,0.0,30.7042541503906,0.0,0.604166666666667,30.7130432128906,-43.9130721459022,28.6237739835467,27.237017086574,0.0,0.0,-1.05767030899341,0.0,0.0
2023-09-30T23:15:20Z,0.0,0.0,3.11336517333984,0.0,103.082380022321,0.0,0.0,0.0,0.140605623676189,0.0,-4.79166666666667,0.0,30.7635803222656,0.0,0.543478260869565,30.5548400878906,-61.6212329864502,5.87532303550027,6.2678337097168,0.0,0.0,-1.48418102661769,0.0,0.0
2023-09-30T23:15:30Z,0.0,0.023809523809524,16.7846354757037,0.0,102.057245526995,0.0,0.0,0.0,0.819439011712357,0.0,-8.35051546391753,0.0,30.8185119628906,0.0,0.785714285714286,30.7965393066406,-93.6506678263346,65.4141593933105,66.9151268005371,0.0,0.0,-2.25562748644087,0.0,0.0
2023-09-30T23:15:40Z,0.0,0.261904761904762,40.2760168222281,0.0,97.8253889817458,0.023809523809524,0.0,0.0,0.938144329896907,0.0,-9.28571428571429,0.0,31.1495666503906,0.0,0.642857142857143,31.3263244628906,-187.159040178571,67.9590187072754,69.258337020874,0.0,0.0,-4.50782758849008,0.0,0.0
2023-09-30T23:15:50Z,0.0,0.0,2.94187686317845,0.0,102.78606816342,0.0,0.0,0.0,0.206597692963451,0.0,-2.75510204081633,0.0,31.8575744628906,0.0,0.28,31.7027893066406,-58.43662109375,2.40108966827393,2.52421696980794,0.0,0.0,-1.40747790336609,0.0,0.0
2023-09-30T23:16:00Z,0.0,0.068181818181818,17.3941612924848,0.0,100.942414419992,0.0,0.0,0.0,0.711450427770615,0.0,-7.2,0.0,32.0128479003906,0.0,0.681818181818182,31.1385803222656,-136.20458094279,44.2659556070964,45.0811853408814,0.0,0.0,-3.28056168556213,0.0,0.0
2023-09-30T23:16:10Z,0.0,0.021739130434783,3.36709022521973,0.0,102.857587178548,0.043478260869565,0.0,0.0,0.130246769636869,0.0,-1.83673469387755,0.0,32.2794494628906,0.0,0.108695652173913,30.9513244628906,-86.5316963195801,18.5503860201154,18.264386177063,0.0,0.0,-2.08416306972504,0.0,0.0
2023-09-30T23:16:20Z,0.0,0.0,11.1937742233276,0.0,102.527843475342,0.0,0.0,0.0,0.332511462803398,0.0,-4.38775510204082,0.0,32.2355041503906,0.0,0.425531914893617,30.5108947753906,-135.815747578939,29.9271829922994,30.0267623265584,0.0,0.0,-3.27119644482931,0.0,0.0
2023-09-30T23:16:30Z,0.0,0.0,0.48439105367288,0.0,103.077636082967,0.0,0.0,0.0,0.194094880826163,0.0,-2.95918367346939,0.0,32.2794494628906,0.0,0.291666666666667,30.6427307128906,-39.9496907128228,0.206840038299561,0.308430194854736,0.0,0.0,-0.962210118770599,0.0,0.0
2023-09-30T23:16:40Z,0.0,0.021739130434783,5.0896709615534,0.0,102.867243680087,0.021739130434783,0.0,0.0,0.478706690766241,0.0,-9.02173913043478,0.0,,0.0,0.847826086956522,,-48.5394127585671,35.882594426473,38.1465083228217,0.0,0.0,-1.1690982634371,0.0,0.0
2023-09-30T23:16:50Z,0.0,0.0,6.8037596615878,0.0,102.886302601207,0.0,0.0,0.0,0.367842992648799,0.0,-6.27659574468085,0.0,32.2906799316406,0.0,0.630434782608696,30.4449768066406,-67.4069786071777,32.231211344401,33.0536040200127,0.0,0.0,-1.62353386481603,0.0,0.0
2023-09-30T23:17:00Z,0.0,0.0,4.50510978698731,0.0,102.836085796356,0.021739130434783,0.0,0.0,0.308922087228057,0.0,-7.37373737373737,0.0,32.2355041503906,0.0,0.739130434782609,30.6866760253906,-82.4125680923462,26.1795643568039,27.2239774465561,0.0,0.0,-1.98495173454285,0.0,0.0
2023-09-30T23:17:10Z,0.0,0.0,3.34388891855876,0.0,102.86605275472,0.025,0.0,0.0,0.350772428067075,0.0,-7.01030927835052,0.0,32.3019104003906,0.0,0.65,30.9288635253906,-61.0654373168945,30.0250056266785,30.7140827178955,0.0,0.0,-1.4707943711962,0.0,0.0
2023-09-30T23:17:20Z,0.0,0.0,0.46696662902832,0.0,103.126724243164,0.0,0.0,0.0,0.127662655465382,0.0,-4.02061855670103,0.0,32.3463439941406,0.0,0.302325581395349,30.6866760253906,-52.7993488311768,10.9613894820213,12.3816372156143,0.0,0.0,-1.27170117199421,0.093023255813954,0.0
2023-09-30T23:17:30Z,0.0,0.0,2.35800743103027,0.0,103.024423871722,0.0,0.0,0.0,0.372779892516487,0.0,-5.41176470588235,0.0,32.2351786295573,0.0,0.578947368421053,30.4376525878906,-3.38219427435022,34.2181452645196,40.617269621955,0.0,0.0,-0.081461993487258,0.052631578947369,0.0
2023-09-30T23:17:40Z,0.0,0.0,0.0,0.0,103.25128004286,0.0,0.0,0.0,0.0,0.0,0.0,0.0,32.2794494628906,0.0,0.0,29.7433166503906,0.186519946370806,0.241882460457938,0.325257437569754,0.0,0.0,0.004492434539965,0.0,0.0
2023-09-30T23:17:50Z,0.0,0.0,0.0,0.0,103.297792222765,0.0,0.0,0.0,0.0,0.0,0.0,0.0,32.0724182128906,0.0,0.0,29.1969299316406,0.0,0.236824580601283,0.305865492139544,0.0,0.0,0.0,0.0,0.0
2023-09-30T23:18:00Z,0.0,0.02,3.56176018752158,0.0,103.061044311523,0.0,0.0,0.0,0.485791280688836,0.0,-6.58227848101266,0.0,31.8861737932478,0.0,0.56,28.985364641462,-11.6004214882851,48.1691776275635,43.9939942359924,0.0,0.0,-0.279402485117316,0.0,0.0
2023-09-30T23:18:10Z,0.0,0.0,0.961079597473144,0.0,103.242630004883,0.0,0.0,0.0,0.238756196635465,0.0,-4.8,0.0,31.924306233724,0.0,0.465116279069767,28.710927327474,-10.1350458017909,10.1028709972606,11.0566519568948,0.0,0.0,-0.244108111454317,0.0,0.0
2023-09-30T23:18:20Z,0.0,0.0,0.0,0.0,103.319407145182,0.0,0.0,0.0,0.0,0.0,0.0,0.0,31.9908752441406,0.0,0.0,28.5231018066406,0.0,0.235806571112739,0.357161627875434,0.0,0.0,0.0,0.0,0.0
